{"_via_settings":{"ui":{"annotation_editor_height":25,"annotation_editor_fontsize":0.8,"leftsidebar_width":18,"image_grid":{"img_height":80,"rshape_fill":"none","rshape_fill_opacity":0.3,"rshape_stroke":"yellow","rshape_stroke_width":2,"show_region_shape":true,"show_image_policy":"all"},"image":{"region_label":"region_id","region_label_font":"10px Sans"}},"core":{"buffer_size":18,"filepath":{},"default_filepath":""},"project":{"name":"via_project_carplate_train"}},"_via_img_metadata":{"川A09X20.jpg45148":{"filename":"川A09X20.jpg","size":45148,"regions":[{"shape_attributes":{"name":"polygon","all_points_x":[320,442,447,323],"all_points_y":[281,261,310,336]},"region_attributes":{}}],"file_attributes":{}},"川A019W2.jpg51190":{"filename":"川A019W2.jpg","size":51190,"regions":[{"shape_attributes":{"name":"polygon","all_points_x":[322,390,397,328,328],"all_points_y":[267,190,237,317,317]},"region_attributes":{}}],"file_attributes":{}},"川A82M83.jpg49555":{"filename":"川A82M83.jpg","size":49555,"regions":[{"shape_attributes":{"name":"polygon","all_points_x":[419,523,521,424,424],"all_points_y":[286,217,275,348,348]},"region_attributes":{}}],"file_attributes":{}},"川A095Q5.jpg56850":{"filename":"川A095Q5.jpg","size":56850,"regions":[{"shape_attributes":{"name":"polygon","all_points_x":[389,503,499,384],"all_points_y":[204,206,246,244]},"region_attributes":{}}],"file_attributes":{}},"川A105LR.jpg42767":{"filename":"川A105LR.jpg","size":42767,"regions":[{"shape_attributes":{"name":"polygon","all_points_x":[275,411,409,277],"all_points_y":[283,290,340,331]},"region_attributes":{}}],"file_attributes":{}},"川A113YP.jpg45582":{"filename":"川A113YP.jpg","size":45582,"regions":[{"shape_attributes":{"name":"polygon","all_points_x":[276,412,413,277],"all_points_y":[187,184,223,227]},"region_attributes":{}}],"file_attributes":{}},"川A561WP.jpg53011":{"filename":"川A561WP.jpg","size":53011,"regions":[{"shape_attributes":{"name":"polygon","all_points_x":[452,575,574,450],"all_points_y":[160,159,200,201]},"region_attributes":{}}],"file_attributes":{}},"川A572F4.jpg51507":{"filename":"川A572F4.jpg","size":51507,"regions":[{"shape_attributes":{"name":"polygon","all_points_x":[35,220,221,26],"all_points_y":[274,286,359,340]},"region_attributes":{}}],"file_attributes":{}},"川A762ZS.jpg42940":{"filename":"川A762ZS.jpg","size":42940,"regions":[{"shape_attributes":{"name":"polygon","all_points_x":[396,517,516,395],"all_points_y":[152,159,194,189]},"region_attributes":{}}],"file_attributes":{}},"川A88888.jpg43912":{"filename":"川A88888.jpg","size":43912,"regions":[{"shape_attributes":{"name":"polygon","all_points_x":[71,333,330,70],"all_points_y":[148,157,239,232]},"region_attributes":{}}],"file_attributes":{}},"川AA662F.jpg62588":{"filename":"川AA662F.jpg","size":62588,"regions":[{"shape_attributes":{"name":"polygon","all_points_x":[114,208,209,111,111],"all_points_y":[246,258,305,290,290]},"region_attributes":{}}],"file_attributes":{}},"川AE8H60.jpg24996":{"filename":"川AE8H60.jpg","size":24996,"regions":[{"shape_attributes":{"name":"polygon","all_points_x":[353,489,489,353],"all_points_y":[313,311,352,363]},"region_attributes":{}}],"file_attributes":{}},"川AEK882.jpg60559":{"filename":"川AEK882.jpg","size":60559,"regions":[{"shape_attributes":{"name":"polygon","all_points_x":[453,537,535,451,451],"all_points_y":[252,227,266,291,291]},"region_attributes":{}}],"file_attributes":{}},"川AGU052.jpg50021":{"filename":"川AGU052.jpg","size":50021,"regions":[{"shape_attributes":{"name":"polygon","all_points_x":[127,315,318,125],"all_points_y":[245,246,312,310]},"region_attributes":{}}],"file_attributes":{}},"川AGU801.jpg63728":{"filename":"川AGU801.jpg","size":63728,"regions":[{"shape_attributes":{"name":"polygon","all_points_x":[385,459,459,388],"all_points_y":[221,222,252,249]},"region_attributes":{}}],"file_attributes":{}},"川AKM065.jpg49168":{"filename":"川AKM065.jpg","size":49168,"regions":[{"shape_attributes":{"name":"polygon","all_points_x":[394,508,509,389],"all_points_y":[166,170,210,209]},"region_attributes":{}}],"file_attributes":{}},"川AKQ291.jpg54087":{"filename":"川AKQ291.jpg","size":54087,"regions":[{"shape_attributes":{"name":"polygon","all_points_x":[359,451,451,359],"all_points_y":[140,141,174,173]},"region_attributes":{}}],"file_attributes":{}},"川AL0Q87.jpg62591":{"filename":"川AL0Q87.jpg","size":62591,"regions":[{"shape_attributes":{"name":"polygon","all_points_x":[96,254,255,95],"all_points_y":[250,254,316,306]},"region_attributes":{}}],"file_attributes":{}},"川AM1186.jpg63148":{"filename":"川AM1186.jpg","size":63148,"regions":[{"shape_attributes":{"name":"polygon","all_points_x":[444,529,529,440],"all_points_y":[200,199,233,235]},"region_attributes":{}}],"file_attributes":{}},"川AN4E10.jpg45235":{"filename":"川AN4E10.jpg","size":45235,"regions":[{"shape_attributes":{"name":"polygon","all_points_x":[394,518,519,397],"all_points_y":[163,166,204,205]},"region_attributes":{}}],"file_attributes":{}},"川AR9X49.jpg49917":{"filename":"川AR9X49.jpg","size":49917,"regions":[{"shape_attributes":{"name":"polygon","all_points_x":[67,248,244,64],"all_points_y":[320,329,393,376]},"region_attributes":{}}],"file_attributes":{}},"川AS9V79.jpg47739":{"filename":"川AS9V79.jpg","size":47739,"regions":[{"shape_attributes":{"name":"polygon","all_points_x":[391,499,499,389],"all_points_y":[241,243,279,278]},"region_attributes":{}}],"file_attributes":{}},"川AUU093.jpg43951":{"filename":"川AUU093.jpg","size":43951,"regions":[{"shape_attributes":{"name":"polygon","all_points_x":[350,465,466,350],"all_points_y":[178,179,220,217]},"region_attributes":{}}],"file_attributes":{}},"川AY116F.jpg46355":{"filename":"川AY116F.jpg","size":46355,"regions":[{"shape_attributes":{"name":"polygon","all_points_x":[369,484,486,370],"all_points_y":[167,172,210,209]},"region_attributes":{}}],"file_attributes":{}},"川AZ408T.jpg26517":{"filename":"川AZ408T.jpg","size":26517,"regions":[{"shape_attributes":{"name":"polygon","all_points_x":[248,381,380,242],"all_points_y":[297,295,334,340]},"region_attributes":{}}],"file_attributes":{}},"川C28888.jpg70854":{"filename":"川C28888.jpg","size":70854,"regions":[{"shape_attributes":{"name":"polygon","all_points_x":[168,300,303,172],"all_points_y":[305,298,341,342]},"region_attributes":{}}],"file_attributes":{}},"川R35779.jpg26786":{"filename":"川R35779.jpg","size":26786,"regions":[{"shape_attributes":{"name":"polygon","all_points_x":[437,560,560,433],"all_points_y":[216,215,255,259]},"region_attributes":{}}],"file_attributes":{}},"赣A82F36.jpg254156":{"filename":"赣A82F36.jpg","size":254156,"regions":[{"shape_attributes":{"name":"polygon","all_points_x":[210,329,333,211],"all_points_y":[614,613,649,653]},"region_attributes":{}},{"shape_attributes":{"name":"polygon","all_points_x":[770,613,613,765],"all_points_y":[713,717,761,764]},"region_attributes":{}},{"shape_attributes":{"name":"polygon","all_points_x":[1253,1356,1353,1257],"all_points_y":[531,526,558,559]},"region_attributes":{}}],"file_attributes":{}},"赣A88888.jpg16265":{"filename":"赣A88888.jpg","size":16265,"regions":[{"shape_attributes":{"name":"polygon","all_points_x":[96,154,153,94],"all_points_y":[158,162,179,175]},"region_attributes":{}}],"file_attributes":{}},"赣K11978.jpg275990":{"filename":"赣K11978.jpg","size":275990,"regions":[{"shape_attributes":{"name":"polygon","all_points_x":[1021,1148,1149,1014],"all_points_y":[538,535,572,579]},"region_attributes":{}}],"file_attributes":{}},"桂ATK071.jpg315088":{"filename":"桂ATK071.jpg","size":315088,"regions":[{"shape_attributes":{"name":"polygon","all_points_x":[715,810,818,722],"all_points_y":[357,347,384,389]},"region_attributes":{}}],"file_attributes":{}},"黑A1R272.jpg436425":{"filename":"黑A1R272.jpg","size":436425,"regions":[{"shape_attributes":{"name":"polygon","all_points_x":[1139,1276,1273,1135],"all_points_y":[573,576,625,620]},"region_attributes":{}}],"file_attributes":{}},"黑A16341.jpg10542":{"filename":"黑A16341.jpg","size":10542,"regions":[{"shape_attributes":{"name":"polygon","all_points_x":[83,202,202,81],"all_points_y":[81,82,117,118]},"region_attributes":{}}],"file_attributes":{}},"黑AB4444.jpg38530":{"filename":"黑AB4444.jpg","size":38530,"regions":[{"shape_attributes":{"name":"polygon","all_points_x":[137,253,251,136],"all_points_y":[211,209,249,243]},"region_attributes":{}}],"file_attributes":{}},"沪A51V39.jpg363741":{"filename":"沪A51V39.jpg","size":363741,"regions":[{"shape_attributes":{"name":"polygon","all_points_x":[796,876,880,796],"all_points_y":[221,222,253,255]},"region_attributes":{}},{"shape_attributes":{"name":"polygon","all_points_x":[894,1017,1020,897],"all_points_y":[791,790,826,830]},"region_attributes":{}}],"file_attributes":{}},"沪AGH092.jpg421066":{"filename":"沪AGH092.jpg","size":421066,"regions":[{"shape_attributes":{"name":"polygon","all_points_x":[999,1125,1126,997],"all_points_y":[634,636,665,666]},"region_attributes":{}}],"file_attributes":{}},"沪ALB022.jpg69211":{"filename":"沪ALB022.jpg","size":69211,"regions":[{"shape_attributes":{"name":"polygon","all_points_x":[332,450,451,330],"all_points_y":[369,362,409,411]},"region_attributes":{}}],"file_attributes":{}},"沪AP0910.jpg300162":{"filename":"沪AP0910.jpg","size":300162,"regions":[{"shape_attributes":{"name":"polygon","all_points_x":[739,860,858,732],"all_points_y":[584,585,625,627]},"region_attributes":{}}],"file_attributes":{}},"沪B683J8.jpg53674":{"filename":"沪B683J8.jpg","size":53674,"regions":[{"shape_attributes":{"name":"polygon","all_points_x":[312,426,424,310,310],"all_points_y":[196,207,251,238,237]},"region_attributes":{}}],"file_attributes":{}},"沪D71603.jpg188337":{"filename":"沪D71603.jpg","size":188337,"regions":[{"shape_attributes":{"name":"polygon","all_points_x":[182,713,700,167],"all_points_y":[317,343,520,484]},"region_attributes":{}}],"file_attributes":{}},"沪J32500.jpg417849":{"filename":"沪J32500.jpg","size":417849,"regions":[{"shape_attributes":{"name":"polygon","all_points_x":[1077,1210,1208,1077],"all_points_y":[627,625,665,666]},"region_attributes":{}}],"file_attributes":{}},"沪JS6999.jpg3255625":{"filename":"沪JS6999.jpg","size":3255625,"regions":[{"shape_attributes":{"name":"polygon","all_points_x":[1622,1953,1957,1622],"all_points_y":[1137,1105,1232,1252]},"region_attributes":{}}],"file_attributes":{}},"沪K62933.jpg221094":{"filename":"沪K62933.jpg","size":221094,"regions":[{"shape_attributes":{"name":"polygon","all_points_x":[1227,1375,1372,1222],"all_points_y":[759,760,802,803]},"region_attributes":{}}],"file_attributes":{}},"沪KT5583.jpg3484233":{"filename":"沪KT5583.jpg","size":3484233,"regions":[{"shape_attributes":{"name":"polygon","all_points_x":[1171,1495,1493,1163],"all_points_y":[1446,1442,1543,1531]},"region_attributes":{}}],"file_attributes":{}},"冀FA3215.jpg253377":{"filename":"冀FA3215.jpg","size":253377,"regions":[{"shape_attributes":{"name":"polygon","all_points_x":[39,165,164,33],"all_points_y":[665,664,707,714]},"region_attributes":{}},{"shape_attributes":{"name":"polygon","all_points_x":[603,699,700,596],"all_points_y":[582,579,614,615]},"region_attributes":{}},{"shape_attributes":{"name":"polygon","all_points_x":[915,1043,1042,907],"all_points_y":[581,578,623,625]},"region_attributes":{}}],"file_attributes":{}},"津AHP676.jpg536538":{"filename":"津AHP676.jpg","size":536538,"regions":[{"shape_attributes":{"name":"polygon","all_points_x":[794,856,853,795],"all_points_y":[159,158,186,185]},"region_attributes":{}},{"shape_attributes":{"name":"polygon","all_points_x":[993,1067,1068,989],"all_points_y":[198,200,226,222]},"region_attributes":{}},{"shape_attributes":{"name":"polygon","all_points_x":[620,757,761,617],"all_points_y":[501,501,550,548]},"region_attributes":{}}],"file_attributes":{}},"津DTG667.jpg1214936":{"filename":"津DTG667.jpg","size":1214936,"regions":[{"shape_attributes":{"name":"polygon","all_points_x":[993,1046,1044,994],"all_points_y":[110,108,131,132]},"region_attributes":{}},{"shape_attributes":{"name":"polygon","all_points_x":[467,522,521,469],"all_points_y":[220,217,244,246]},"region_attributes":{}},{"shape_attributes":{"name":"polygon","all_points_x":[580,768,758,576],"all_points_y":[669,683,745,725]},"region_attributes":{}}],"file_attributes":{}},"津E14579.jpg564700":{"filename":"津E14579.jpg","size":564700,"regions":[{"shape_attributes":{"name":"polygon","all_points_x":[193,301,245,196],"all_points_y":[487,495,532,529]},"region_attributes":{}},{"shape_attributes":{"name":"polygon","all_points_x":[374,542,528,359],"all_points_y":[619,636,709,681]},"region_attributes":{}},{"shape_attributes":{"name":"polygon","all_points_x":[874,933,930,875],"all_points_y":[159,159,180,186]},"region_attributes":{}},{"shape_attributes":{"name":"polygon","all_points_x":[1058,1141,1137,1088],"all_points_y":[285,285,324,320]},"region_attributes":{}}],"file_attributes":{}},"津E22602.jpg568045":{"filename":"津E22602.jpg","size":568045,"regions":[{"shape_attributes":{"name":"polygon","all_points_x":[360,418,417,357],"all_points_y":[139,143,167,167]},"region_attributes":{}},{"shape_attributes":{"name":"polygon","all_points_x":[515,563,511,515],"all_points_y":[206,206,228,205]},"region_attributes":{}},{"shape_attributes":{"name":"polygon","all_points_x":[1051,1116,1114,1077],"all_points_y":[252,244,279,276]},"region_attributes":{}},{"shape_attributes":{"name":"polygon","all_points_x":[276,504,501,269],"all_points_y":[698,726,798,767]},"region_attributes":{}}],"file_attributes":{}},"津E24494.jpg532742":{"filename":"津E24494.jpg","size":532742,"regions":[{"shape_attributes":{"name":"polygon","all_points_x":[53,120,115,50],"all_points_y":[349,354,385,382]},"region_attributes":{}},{"shape_attributes":{"name":"polygon","all_points_x":[466,489,489,462],"all_points_y":[227,228,240,240]},"region_attributes":{}},{"shape_attributes":{"name":"polygon","all_points_x":[239,338,338,241],"all_points_y":[466,467,500,495]},"region_attributes":{}},{"shape_attributes":{"name":"polygon","all_points_x":[768,796,793,771],"all_points_y":[241,240,256,254]},"region_attributes":{}},{"shape_attributes":{"name":"polygon","all_points_x":[912,938,937,919],"all_points_y":[211,211,223,222]},"region_attributes":{}},{"shape_attributes":{"name":"polygon","all_points_x":[1035,1078,1078,1036],"all_points_y":[254,254,261,259]},"region_attributes":{}},{"shape_attributes":{"name":"polygon","all_points_x":[1214,1242,1242,1217],"all_points_y":[207,204,210,217]},"region_attributes":{}},{"shape_attributes":{"name":"polygon","all_points_x":[1270,1276,1309,1305,1273],"all_points_y":[274,278,277,292,289]},"region_attributes":{}},{"shape_attributes":{"name":"polygon","all_points_x":[805,952,943,801],"all_points_y":[564,576,628,608]},"region_attributes":{}}],"file_attributes":{}},"津E28437.jpg584509":{"filename":"津E28437.jpg","size":584509,"regions":[{"shape_attributes":{"name":"polygon","all_points_x":[396,481,477,388],"all_points_y":[451,462,495,489]},"region_attributes":{}},{"shape_attributes":{"name":"polygon","all_points_x":[1248,1324,1321,1265],"all_points_y":[311,311,333,338]},"region_attributes":{}},{"shape_attributes":{"name":"polygon","all_points_x":[684,824,814,683],"all_points_y":[537,543,603,583]},"region_attributes":{}}],"file_attributes":{}},"津G68991.jpg427691":{"filename":"津G68991.jpg","size":427691,"regions":[{"shape_attributes":{"name":"polygon","all_points_x":[293,417,405,283],"all_points_y":[238,243,290,276]},"region_attributes":{}},{"shape_attributes":{"name":"polygon","all_points_x":[898,1064,1055,897],"all_points_y":[379,384,437,427]},"region_attributes":{}}],"file_attributes":{}},"津H65817.jpg1231615":{"filename":"津H65817.jpg","size":1231615,"regions":[{"shape_attributes":{"name":"polygon","all_points_x":[397,452,449,392,392],"all_points_y":[305,314,336,331,332]},"region_attributes":{}},{"shape_attributes":{"name":"polygon","all_points_x":[585,670,665,584],"all_points_y":[395,402,433,422]},"region_attributes":{}},{"shape_attributes":{"name":"polygon","all_points_x":[1359,1400,1395,1377,1376,1363,1360],"all_points_y":[246,248,261,264,256,257,247]},"region_attributes":{}},{"shape_attributes":{"name":"polygon","all_points_x":[1423,1452,1446,1425],"all_points_y":[390,393,416,392]},"region_attributes":{}},{"shape_attributes":{"name":"polygon","all_points_x":[735,884,868,727],"all_points_y":[610,636,693,656]},"region_attributes":{}},{"shape_attributes":{"name":"polygon","all_points_x":[3,17,19,3],"all_points_y":[293,298,310,304]},"region_attributes":{}}],"file_attributes":{}},"津JZ3999.jpg559973":{"filename":"津JZ3999.jpg","size":559973,"regions":[{"shape_attributes":{"name":"polygon","all_points_x":[129,163,165,130,131],"all_points_y":[261,263,278,275,275]},"region_attributes":{}},{"shape_attributes":{"name":"polygon","all_points_x":[363,423,422,363],"all_points_y":[331,337,359,353]},"region_attributes":{}},{"shape_attributes":{"name":"polygon","all_points_x":[627,706,704,624],"all_points_y":[354,356,383,379]},"region_attributes":{}},{"shape_attributes":{"name":"polygon","all_points_x":[1200,1237,1235,1202],"all_points_y":[201,200,219,215]},"region_attributes":{}},{"shape_attributes":{"name":"polygon","all_points_x":[879,1027,1024,879],"all_points_y":[513,518,570,554]},"region_attributes":{}}],"file_attributes":{}},"津KNG518.jpg593122":{"filename":"津KNG518.jpg","size":593122,"regions":[{"shape_attributes":{"name":"polygon","all_points_x":[253,322,321,258],"all_points_y":[134,137,179,173]},"region_attributes":{}},{"shape_attributes":{"name":"polygon","all_points_x":[608,751,743,599],"all_points_y":[559,577,630,602]},"region_attributes":{}},{"shape_attributes":{"name":"polygon","all_points_x":[989,1017,1014,990],"all_points_y":[47,46,59,61]},"region_attributes":{}},{"shape_attributes":{"name":"polygon","all_points_x":[1089,1131,1131,1086],"all_points_y":[41,43,59,62]},"region_attributes":{}},{"shape_attributes":{"name":"polygon","all_points_x":[1146,1227,1226,1143],"all_points_y":[177,178,203,201]},"region_attributes":{}}],"file_attributes":{}},"津LS2999.jpg1152285":{"filename":"津LS2999.jpg","size":1152285,"regions":[{"shape_attributes":{"name":"polygon","all_points_x":[277,417,409,269],"all_points_y":[652,675,727,709]},"region_attributes":{}}],"file_attributes":{}},"津MJY929.jpg592498":{"filename":"津MJY929.jpg","size":592498,"regions":[{"shape_attributes":{"name":"polygon","all_points_x":[416,489,484,405],"all_points_y":[417,425,460,446]},"region_attributes":{}},{"shape_attributes":{"name":"polygon","all_points_x":[657,798,789,651,651],"all_points_y":[527,547,592,568,567]},"region_attributes":{}},{"shape_attributes":{"name":"polygon","all_points_x":[1222,1271,1268,1219],"all_points_y":[186,187,204,205]},"region_attributes":{}},{"shape_attributes":{"name":"polygon","all_points_x":[1353,1436,1432,1351],"all_points_y":[263,267,293,286]},"region_attributes":{}},{"shape_attributes":{"name":"polygon","all_points_x":[1006,1021,1021,1008],"all_points_y":[142,141,150,149]},"region_attributes":{}}],"file_attributes":{}},"津MN0888.jpg1185282":{"filename":"津MN0888.jpg","size":1185282,"regions":[{"shape_attributes":{"name":"polygon","all_points_x":[131,161,161,135],"all_points_y":[136,135,152,150]},"region_attributes":{}},{"shape_attributes":{"name":"polygon","all_points_x":[761,787,787,758],"all_points_y":[63,65,79,78]},"region_attributes":{}},{"shape_attributes":{"name":"polygon","all_points_x":[922,947,943,917],"all_points_y":[67,65,77,80]},"region_attributes":{}},{"shape_attributes":{"name":"polygon","all_points_x":[975,999,999,979],"all_points_y":[23,23,31,30]},"region_attributes":{}},{"shape_attributes":{"name":"polygon","all_points_x":[1219,1250,1247,1219],"all_points_y":[35,34,45,45]},"region_attributes":{}},{"shape_attributes":{"name":"polygon","all_points_x":[1363,1399,1397,1366],"all_points_y":[63,63,72,73]},"region_attributes":{}},{"shape_attributes":{"name":"polygon","all_points_x":[315,476,470,307],"all_points_y":[668,693,755,716]},"region_attributes":{}}],"file_attributes":{}},"津NRL118.jpg570807":{"filename":"津NRL118.jpg","size":570807,"regions":[{"shape_attributes":{"name":"polygon","all_points_x":[461,533,479,463],"all_points_y":[255,255,281,282]},"region_attributes":{}},{"shape_attributes":{"name":"polygon","all_points_x":[874,921,917,878],"all_points_y":[131,127,147,149]},"region_attributes":{}},{"shape_attributes":{"name":"polygon","all_points_x":[1023,1063,1063,1036,1021],"all_points_y":[238,237,264,265,255]},"region_attributes":{}},{"shape_attributes":{"name":"polygon","all_points_x":[449,621,620,447],"all_points_y":[680,692,753,733]},"region_attributes":{}}],"file_attributes":{}},"津RB7992.jpg914288":{"filename":"津RB7992.jpg","size":914288,"regions":[{"shape_attributes":{"name":"polygon","all_points_x":[3,179,171,5],"all_points_y":[215,237,313,294]},"region_attributes":{}},{"shape_attributes":{"name":"polygon","all_points_x":[736,1077,1074,724],"all_points_y":[521,545,665,625]},"region_attributes":{}}],"file_attributes":{}},"京A88731.jpg43426":{"filename":"京A88731.jpg","size":43426,"regions":[{"shape_attributes":{"name":"polygon","all_points_x":[122,219,218,123],"all_points_y":[171,168,197,198]},"region_attributes":{}}],"file_attributes":{}},"京CX8888.jpg43811":{"filename":"京CX8888.jpg","size":43811,"regions":[{"shape_attributes":{"name":"polygon","all_points_x":[173,267,268,173,174],"all_points_y":[196,192,222,221,195]},"region_attributes":{}}],"file_attributes":{}},"京FK5358.jpg176542":{"filename":"京FK5358.jpg","size":176542,"regions":[{"shape_attributes":{"name":"polygon","all_points_x":[756,918,920,750],"all_points_y":[247,253,309,293]},"region_attributes":{}}],"file_attributes":{}},"京H99999.jpg32987":{"filename":"京H99999.jpg","size":32987,"regions":[{"shape_attributes":{"name":"polygon","all_points_x":[168,278,277,167,168],"all_points_y":[199,196,232,231,231]},"region_attributes":{}}],"file_attributes":{}},"京PC5U22.jpg190786":{"filename":"京PC5U22.jpg","size":190786,"regions":[{"shape_attributes":{"name":"polygon","all_points_x":[207,345,341,196],"all_points_y":[204,214,259,249]},"region_attributes":{}}],"file_attributes":{}},"辽B99999.jpg55173":{"filename":"辽B99999.jpg","size":55173,"regions":[{"shape_attributes":{"name":"polygon","all_points_x":[180,263,261,178],"all_points_y":[226,226,251,249]},"region_attributes":{}}],"file_attributes":{}},"辽BG0D80.jpg58033":{"filename":"辽BG0D80.jpg","size":58033,"regions":[{"shape_attributes":{"name":"polygon","all_points_x":[362,470,472,364,364],"all_points_y":[351,326,360,390,389]},"region_attributes":{}}],"file_attributes":{}},"辽BMW005.jpg34991":{"filename":"辽BMW005.jpg","size":34991,"regions":[{"shape_attributes":{"name":"polygon","all_points_x":[109,193,191,102],"all_points_y":[168,171,198,193]},"region_attributes":{}}],"file_attributes":{}},"辽C33333.jpg59994":{"filename":"辽C33333.jpg","size":59994,"regions":[{"shape_attributes":{"name":"polygon","all_points_x":[150,244,243,148],"all_points_y":[208,210,239,236]},"region_attributes":{}}],"file_attributes":{}},"辽PE9218.jpg408514":{"filename":"辽PE9218.jpg","size":408514,"regions":[{"shape_attributes":{"name":"polygon","all_points_x":[1041,1194,1190,1042],"all_points_y":[534,535,576,573]},"region_attributes":{}}],"file_attributes":{}},"鲁A88888.jpg38596":{"filename":"鲁A88888.jpg","size":38596,"regions":[{"shape_attributes":{"name":"polygon","all_points_x":[176,283,282,175],"all_points_y":[148,150,183,182]},"region_attributes":{}}],"file_attributes":{}},"鲁B995EQ.jpg9053":{"filename":"鲁B995EQ.jpg","size":9053,"regions":[{"shape_attributes":{"name":"polygon","all_points_x":[67,175,173,68],"all_points_y":[97,95,124,126]},"region_attributes":{}}],"file_attributes":{}},"鲁BQG527.jpg24099":{"filename":"鲁BQG527.jpg","size":24099,"regions":[{"shape_attributes":{"name":"polygon","all_points_x":[128,268,268,129],"all_points_y":[151,152,195,192]},"region_attributes":{}}],"file_attributes":{}},"鲁JRW350.jpg48772":{"filename":"鲁JRW350.jpg","size":48772,"regions":[{"shape_attributes":{"name":"polygon","all_points_x":[162,269,266,159],"all_points_y":[228,232,259,258]},"region_attributes":{}}],"file_attributes":{}},"鲁KK5555.jpg44346":{"filename":"鲁KK5555.jpg","size":44346,"regions":[{"shape_attributes":{"name":"polygon","all_points_x":[164,299,298,160],"all_points_y":[201,199,242,240]},"region_attributes":{}}],"file_attributes":{}},"鲁LD9016.jpg24073":{"filename":"鲁LD9016.jpg","size":24073,"regions":[{"shape_attributes":{"name":"polygon","all_points_x":[102,192,193,102],"all_points_y":[141,138,170,167]},"region_attributes":{}}],"file_attributes":{}},"鲁Y44748.jpg21140":{"filename":"鲁Y44748.jpg","size":21140,"regions":[{"shape_attributes":{"name":"polygon","all_points_x":[81,209,205,78],"all_points_y":[107,105,144,140]},"region_attributes":{}}],"file_attributes":{}},"闽CPB592.jpg67513":{"filename":"闽CPB592.jpg","size":67513,"regions":[{"shape_attributes":{"name":"polygon","all_points_x":[294,413,415,288],"all_points_y":[231,245,291,273]},"region_attributes":{}}],"file_attributes":{}},"闽HB1508.jpg23942":{"filename":"闽HB1508.jpg","size":23942,"regions":[{"shape_attributes":{"name":"polygon","all_points_x":[113,222,222,112,112],"all_points_y":[106,97,131,132,106]},"region_attributes":{}}],"file_attributes":{}},"陕AD2N68.jpg1007314":{"filename":"陕AD2N68.jpg","size":1007314,"regions":[{"shape_attributes":{"name":"polygon","all_points_x":[406,530,535,417],"all_points_y":[707,683,724,750]},"region_attributes":{}}],"file_attributes":{}},"陕AE8F80.jpg463850":{"filename":"陕AE8F80.jpg","size":463850,"regions":[{"shape_attributes":{"name":"polygon","all_points_x":[820,945,949,817],"all_points_y":[647,633,672,682]},"region_attributes":{}}],"file_attributes":{}},"苏A0CP56.jpg216627":{"filename":"苏A0CP56.jpg","size":216627,"regions":[{"shape_attributes":{"name":"polygon","all_points_x":[869,1018,1019,865],"all_points_y":[766,769,814,812]},"region_attributes":{}}],"file_attributes":{}},"苏A6E176.jpg231008":{"filename":"苏A6E176.jpg","size":231008,"regions":[{"shape_attributes":{"name":"polygon","all_points_x":[1095,1236,1233,1094],"all_points_y":[715,711,751,755]},"region_attributes":{}}],"file_attributes":{}},"苏A9YP07.jpg86556":{"filename":"苏A9YP07.jpg","size":86556,"regions":[{"shape_attributes":{"name":"polygon","all_points_x":[454,582,580,449],"all_points_y":[337,340,380,374]},"region_attributes":{}}],"file_attributes":{}},"苏A20Q03.jpg96032":{"filename":"苏A20Q03.jpg","size":96032,"regions":[{"shape_attributes":{"name":"polygon","all_points_x":[370,598,608,362,362],"all_points_y":[315,308,375,387,386]},"region_attributes":{}}],"file_attributes":{}},"苏A36E80.jpg109308":{"filename":"苏A36E80.jpg","size":109308,"regions":[{"shape_attributes":{"name":"polygon","all_points_x":[364,466,471,369],"all_points_y":[316,304,343,353]},"region_attributes":{}}],"file_attributes":{}},"苏A66U71.jpg82219":{"filename":"苏A66U71.jpg","size":82219,"regions":[{"shape_attributes":{"name":"polygon","all_points_x":[364,648,641,365],"all_points_y":[440,469,525,499]},"region_attributes":{}}],"file_attributes":{}},"苏A85Z95.jpg89902":{"filename":"苏A85Z95.jpg","size":89902,"regions":[{"shape_attributes":{"name":"polygon","all_points_x":[469,571,569,467],"all_points_y":[217,221,261,251]},"region_attributes":{}}],"file_attributes":{}},"苏A75976.jpg128171":{"filename":"苏A75976.jpg","size":128171,"regions":[{"shape_attributes":{"name":"polygon","all_points_x":[292,495,489,287,287],"all_points_y":[493,491,545,537,537]},"region_attributes":{}}],"file_attributes":{}},"苏AD6A99.jpg115819":{"filename":"苏AD6A99.jpg","size":115819,"regions":[{"shape_attributes":{"name":"polygon","all_points_x":[367,605,603,369],"all_points_y":[369,359,418,426]},"region_attributes":{}}],"file_attributes":{}},"苏ADW072.jpg132150":{"filename":"苏ADW072.jpg","size":132150,"regions":[{"shape_attributes":{"name":"polygon","all_points_x":[444,569,565,438],"all_points_y":[121,119,163,159]},"region_attributes":{}}],"file_attributes":{}},"苏AHOG66.jpg115730":{"filename":"苏AHOG66.jpg","size":115730,"regions":[{"shape_attributes":{"name":"polygon","all_points_x":[278,460,455,274],"all_points_y":[438,428,488,487]},"region_attributes":{}}],"file_attributes":{}},"苏AL926V.jpg78473":{"filename":"苏AL926V.jpg","size":78473,"regions":[{"shape_attributes":{"name":"polygon","all_points_x":[374,556,553,367],"all_points_y":[263,267,339,325]},"region_attributes":{}}],"file_attributes":{}},"苏AP0966.jpg93785":{"filename":"苏AP0966.jpg","size":93785,"regions":[{"shape_attributes":{"name":"polygon","all_points_x":[392,652,649,392],"all_points_y":[323,333,411,398]},"region_attributes":{}}],"file_attributes":{}},"苏AQ5B65.jpg2543177":{"filename":"苏AQ5B65.jpg","size":2543177,"regions":[{"shape_attributes":{"name":"polygon","all_points_x":[1306,1747,1748,1309],"all_points_y":[1297,1283,1421,1411]},"region_attributes":{}}],"file_attributes":{}},"苏AVW997.jpg117175":{"filename":"苏AVW997.jpg","size":117175,"regions":[{"shape_attributes":{"name":"polygon","all_points_x":[296,405,402,298],"all_points_y":[411,381,419,447]},"region_attributes":{}},{"shape_attributes":{"name":"polygon","all_points_x":[734,775,773,734],"all_points_y":[305,299,322,330]},"region_attributes":{}},{"shape_attributes":{"name":"polygon","all_points_x":[913,941,942,911],"all_points_y":[293,285,302,307]},"region_attributes":{}}],"file_attributes":{}},"苏B551QV.jpg198001":{"filename":"苏B551QV.jpg","size":198001,"regions":[{"shape_attributes":{"name":"polygon","all_points_x":[759,886,884,758],"all_points_y":[693,689,728,723]},"region_attributes":{}}],"file_attributes":{}},"苏B577CU.jpg228346":{"filename":"苏B577CU.jpg","size":228346,"regions":[{"shape_attributes":{"name":"polygon","all_points_x":[843,979,974,841,842],"all_points_y":[659,653,698,701,660]},"region_attributes":{}}],"file_attributes":{}},"苏BGG522.jpg228137":{"filename":"苏BGG522.jpg","size":228137,"regions":[{"shape_attributes":{"name":"polygon","all_points_x":[1205,1350,1345,1203],"all_points_y":[612,612,651,651]},"region_attributes":{}}],"file_attributes":{}},"苏BU5838.jpg419481":{"filename":"苏BU5838.jpg","size":419481,"regions":[{"shape_attributes":{"name":"polygon","all_points_x":[807,931,932,800],"all_points_y":[633,636,663,664]},"region_attributes":{}}],"file_attributes":{}},"苏CTF181.jpg2867145":{"filename":"苏CTF181.jpg","size":2867145,"regions":[{"shape_attributes":{"name":"polygon","all_points_x":[1547,1843,1838,1558],"all_points_y":[1077,1085,1173,1202]},"region_attributes":{}}],"file_attributes":{}},"苏DLA031.jpg443282":{"filename":"苏DLA031.jpg","size":443282,"regions":[{"shape_attributes":{"name":"polygon","all_points_x":[1139,1287,1287,1139],"all_points_y":[632,636,679,673]},"region_attributes":{}}],"file_attributes":{}},"苏E2Y256.jpg350523":{"filename":"苏E2Y256.jpg","size":350523,"regions":[{"shape_attributes":{"name":"polygon","all_points_x":[505,637,641,512],"all_points_y":[723,724,764,759]},"region_attributes":{}}],"file_attributes":{}},"苏E75614.jpg37665":{"filename":"苏E75614.jpg","size":37665,"regions":[{"shape_attributes":{"name":"polygon","all_points_x":[481,657,657,483],"all_points_y":[253,264,320,307]},"region_attributes":{}}],"file_attributes":{}},"苏EB68W9.jpg76430":{"filename":"苏EB68W9.jpg","size":76430,"regions":[{"shape_attributes":{"name":"polygon","all_points_x":[232,363,369,232],"all_points_y":[264,288,340,308]},"region_attributes":{}}],"file_attributes":{}},"皖A00T45.jpg77412":{"filename":"皖A00T45.jpg","size":77412,"regions":[{"shape_attributes":{"name":"polygon","all_points_x":[385,454,452,387],"all_points_y":[131,132,150,149]},"region_attributes":{}}],"file_attributes":{}},"皖A1T235.jpg53372":{"filename":"皖A1T235.jpg","size":53372,"regions":[{"shape_attributes":{"name":"polygon","all_points_x":[144,146,236,233,142],"all_points_y":[308,301,308,337,332]},"region_attributes":{}}],"file_attributes":{}},"皖A2F560.jpg114239":{"filename":"皖A2F560.jpg","size":114239,"regions":[{"shape_attributes":{"name":"polygon","all_points_x":[421,494,493,420],"all_points_y":[160,156,183,179]},"region_attributes":{}}],"file_attributes":{}},"皖A09T87.jpg140007":{"filename":"皖A09T87.jpg","size":140007,"regions":[{"shape_attributes":{"name":"polygon","all_points_x":[247,318,318,245,245],"all_points_y":[166,163,181,185,185]},"region_attributes":{}}],"file_attributes":{}},"皖A22T43.jpg100919":{"filename":"皖A22T43.jpg","size":100919,"regions":[{"shape_attributes":{"name":"polygon","all_points_x":[193,355,357,199],"all_points_y":[482,472,510,516]},"region_attributes":{}}],"file_attributes":{}},"皖A30123.jpg295775":{"filename":"皖A30123.jpg","size":295775,"regions":[{"shape_attributes":{"name":"polygon","all_points_x":[239,353,350,230,230],"all_points_y":[1414,1415,1462,1454,1453]},"region_attributes":{}}],"file_attributes":{}},"皖A45277.jpg116561":{"filename":"皖A45277.jpg","size":116561,"regions":[{"shape_attributes":{"name":"polygon","all_points_x":[408,566,562,403],"all_points_y":[934,948,990,981]},"region_attributes":{}}],"file_attributes":{}},"皖A80003.jpg159784":{"filename":"皖A80003.jpg","size":159784,"regions":[{"shape_attributes":{"name":"polygon","all_points_x":[174,245,244,171,171],"all_points_y":[198,199,223,221,221]},"region_attributes":{}}],"file_attributes":{}},"皖A80375.jpg137175":{"filename":"皖A80375.jpg","size":137175,"regions":[{"shape_attributes":{"name":"polygon","all_points_x":[385,459,459,389],"all_points_y":[247,246,267,268]},"region_attributes":{}}],"file_attributes":{}},"皖A85501.jpg34685":{"filename":"皖A85501.jpg","size":34685,"regions":[{"shape_attributes":{"name":"polygon","all_points_x":[170,171,262,261,170],"all_points_y":[355,328,326,351,355]},"region_attributes":{}},{"shape_attributes":{"name":"polygon","all_points_x":[66,134,133,122,121,68],"all_points_y":[50,47,62,64,70,69]},"region_attributes":{}}],"file_attributes":{}},"皖A85890.jpg124936":{"filename":"皖A85890.jpg","size":124936,"regions":[{"shape_attributes":{"name":"polygon","all_points_x":[358,542,536,352],"all_points_y":[631,620,679,683]},"region_attributes":{}}],"file_attributes":{}},"皖A87271.jpg52515":{"filename":"皖A87271.jpg","size":52515,"regions":[{"shape_attributes":{"name":"polygon","all_points_x":[247,398,394,251],"all_points_y":[476,476,523,515]},"region_attributes":{}}],"file_attributes":{}},"皖AA3610.jpg56575":{"filename":"皖AA3610.jpg","size":56575,"regions":[{"shape_attributes":{"name":"polygon","all_points_x":[207,356,351,206],"all_points_y":[423,424,468,468]},"region_attributes":{}}],"file_attributes":{}},"皖AH8331.jpg171420":{"filename":"皖AH8331.jpg","size":171420,"regions":[{"shape_attributes":{"name":"polygon","all_points_x":[271,445,447,267],"all_points_y":[611,609,662,655]},"region_attributes":{}}],"file_attributes":{}},"皖AJH155.jpg114950":{"filename":"皖AJH155.jpg","size":114950,"regions":[{"shape_attributes":{"name":"polygon","all_points_x":[247,311,311,248],"all_points_y":[171,168,191,189]},"region_attributes":{}}],"file_attributes":{}},"皖AK169H.jpg132124":{"filename":"皖AK169H.jpg","size":132124,"regions":[{"shape_attributes":{"name":"polygon","all_points_x":[168,310,312,167],"all_points_y":[550,544,588,593]},"region_attributes":{}}],"file_attributes":{}},"皖AL025S.jpg149379":{"filename":"皖AL025S.jpg","size":149379,"regions":[{"shape_attributes":{"name":"polygon","all_points_x":[94,162,163,95,95],"all_points_y":[152,150,172,173,173]},"region_attributes":{}}],"file_attributes":{}},"皖AS3165.jpg38835":{"filename":"皖AS3165.jpg","size":38835,"regions":[{"shape_attributes":{"name":"polygon","all_points_x":[163,254,251,162],"all_points_y":[398,394,423,425]},"region_attributes":{}}],"file_attributes":{}},"皖AT789S.jpg49749":{"filename":"皖AT789S.jpg","size":49749,"regions":[{"shape_attributes":{"name":"polygon","all_points_x":[225,382,383,221],"all_points_y":[478,471,520,525]},"region_attributes":{}}],"file_attributes":{}},"皖ATH859.jpg116063":{"filename":"皖ATH859.jpg","size":116063,"regions":[{"shape_attributes":{"name":"polygon","all_points_x":[159,315,316,161],"all_points_y":[692,691,742,742]},"region_attributes":{}}],"file_attributes":{}},"皖AUB816.jpg141788":{"filename":"皖AUB816.jpg","size":141788,"regions":[{"shape_attributes":{"name":"polygon","all_points_x":[265,427,430,265],"all_points_y":[590,590,634,635]},"region_attributes":{}}],"file_attributes":{}},"皖AX688A.jpg73562":{"filename":"皖AX688A.jpg","size":73562,"regions":[{"shape_attributes":{"name":"polygon","all_points_x":[310,454,451,308,308],"all_points_y":[464,459,503,502,501]},"region_attributes":{}}],"file_attributes":{}},"皖BBC666.jpg22637":{"filename":"皖BBC666.jpg","size":22637,"regions":[{"shape_attributes":{"name":"polygon","all_points_x":[206,277,276,206],"all_points_y":[161,162,179,182]},"region_attributes":{}}],"file_attributes":{}},"皖EZM618.jpg148168":{"filename":"皖EZM618.jpg","size":148168,"regions":[{"shape_attributes":{"name":"polygon","all_points_x":[360,431,431,362],"all_points_y":[176,179,198,199]},"region_attributes":{}}],"file_attributes":{}},"皖F71646.jpg158128":{"filename":"皖F71646.jpg","size":158128,"regions":[{"shape_attributes":{"name":"polygon","all_points_x":[307,377,379,304],"all_points_y":[251,246,263,272]},"region_attributes":{}}],"file_attributes":{}},"皖M12288.jpg155071":{"filename":"皖M12288.jpg","size":155071,"regions":[{"shape_attributes":{"name":"polygon","all_points_x":[258,329,327,260],"all_points_y":[171,171,193,190]},"region_attributes":{}}],"file_attributes":{}},"皖M69311.jpg138763":{"filename":"皖M69311.jpg","size":138763,"regions":[{"shape_attributes":{"name":"polygon","all_points_x":[227,299,298,226],"all_points_y":[178,173,196,198]},"region_attributes":{}}],"file_attributes":{}},"皖P77222.jpg425014":{"filename":"皖P77222.jpg","size":425014,"regions":[{"shape_attributes":{"name":"polygon","all_points_x":[1181,1315,1317,1180],"all_points_y":[693,688,735,736]},"region_attributes":{}}],"file_attributes":{}},"皖Q0686学.jpg138542":{"filename":"皖Q0686学.jpg","size":138542,"regions":[{"shape_attributes":{"name":"polygon","all_points_x":[168,235,235,168],"all_points_y":[128,127,144,145]},"region_attributes":{}}],"file_attributes":{}},"皖Q06417.jpg124971":{"filename":"皖Q06417.jpg","size":124971,"regions":[{"shape_attributes":{"name":"polygon","all_points_x":[401,472,471,401],"all_points_y":[181,179,200,202]},"region_attributes":{}}],"file_attributes":{}},"皖Q15538.jpg299378":{"filename":"皖Q15538.jpg","size":299378,"regions":[{"shape_attributes":{"name":"polygon","all_points_x":[103,208,213,95],"all_points_y":[1404,1402,1457,1459]},"region_attributes":{}}],"file_attributes":{}},"皖Q18632.jpg87477":{"filename":"皖Q18632.jpg","size":87477,"regions":[{"shape_attributes":{"name":"polygon","all_points_x":[48,100,99,48],"all_points_y":[119,120,136,136]},"region_attributes":{}}],"file_attributes":{}},"皖Q19917.jpg100947":{"filename":"皖Q19917.jpg","size":100947,"regions":[{"shape_attributes":{"name":"polygon","all_points_x":[177,247,245,178],"all_points_y":[128,125,151,151]},"region_attributes":{}}],"file_attributes":{}},"皖Q80197.jpg104276":{"filename":"皖Q80197.jpg","size":104276,"regions":[{"shape_attributes":{"name":"polygon","all_points_x":[72,141,141,72],"all_points_y":[155,155,174,174]},"region_attributes":{}}],"file_attributes":{}},"皖QA2825.jpg101943":{"filename":"皖QA2825.jpg","size":101943,"regions":[{"shape_attributes":{"name":"polygon","all_points_x":[323,395,395,324],"all_points_y":[121,119,139,142]},"region_attributes":{}}],"file_attributes":{}},"湘A0PC37.jpg265043":{"filename":"湘A0PC37.jpg","size":265043,"regions":[{"shape_attributes":{"name":"polygon","all_points_x":[68,291,283,60,59],"all_points_y":[761,759,839,829,831]},"region_attributes":{}},{"shape_attributes":{"name":"polygon","all_points_x":[936,1079,1075,947],"all_points_y":[616,615,657,665]},"region_attributes":{}}],"file_attributes":{}},"湘A0PQ76.jpg279549":{"filename":"湘A0PQ76.jpg","size":279549,"regions":[{"shape_attributes":{"name":"polygon","all_points_x":[481,648,645,480],"all_points_y":[711,709,753,763]},"region_attributes":{}},{"shape_attributes":{"name":"polygon","all_points_x":[1143,1251,1247,1148],"all_points_y":[560,547,589,591]},"region_attributes":{}},{"shape_attributes":{"name":"polygon","all_points_x":[1463,1549,1545,1459],"all_points_y":[496,496,533,527]},"region_attributes":{}}],"file_attributes":{}},"湘A3MA06.jpg264099":{"filename":"湘A3MA06.jpg","size":264099,"regions":[{"shape_attributes":{"name":"polygon","all_points_x":[264,380,380,261],"all_points_y":[584,588,631,628]},"region_attributes":{}},{"shape_attributes":{"name":"polygon","all_points_x":[828,957,961,819],"all_points_y":[641,632,672,681]},"region_attributes":{}},{"shape_attributes":{"name":"polygon","all_points_x":[1332,1427,1427,1329],"all_points_y":[537,533,563,567]},"region_attributes":{}}],"file_attributes":{}},"湘A05H22.jpg265512":{"filename":"湘A05H22.jpg","size":265512,"regions":[{"shape_attributes":{"name":"polygon","all_points_x":[113,235,229,100,100],"all_points_y":[659,659,696,692,693]},"region_attributes":{}},{"shape_attributes":{"name":"polygon","all_points_x":[1457,1583,1580,1457,1459],"all_points_y":[735,729,793,793,792]},"region_attributes":{}}],"file_attributes":{}},"湘A5RM87.jpg202292":{"filename":"湘A5RM87.jpg","size":202292,"regions":[{"shape_attributes":{"name":"polygon","all_points_x":[129,309,316,124],"all_points_y":[788,781,843,835]},"region_attributes":{}}],"file_attributes":{}},"湘A07G31.jpg271016":{"filename":"湘A07G31.jpg","size":271016,"regions":[{"shape_attributes":{"name":"polygon","all_points_x":[836,961,964,829],"all_points_y":[625,624,672,675]},"region_attributes":{}},{"shape_attributes":{"name":"polygon","all_points_x":[1321,1407,1400,1327],"all_points_y":[524,513,547,552]},"region_attributes":{}},{"shape_attributes":{"name":"polygon","all_points_x":[4,193,197,0],"all_points_y":[856,855,917,923]},"region_attributes":{}}],"file_attributes":{}},"湘A9NU97.jpg291611":{"filename":"湘A9NU97.jpg","size":291611,"regions":[{"shape_attributes":{"name":"polygon","all_points_x":[909,1036,1035,908],"all_points_y":[619,621,659,657]},"region_attributes":{}},{"shape_attributes":{"name":"polygon","all_points_x":[7,173,167,0],"all_points_y":[808,807,876,871]},"region_attributes":{}}],"file_attributes":{}},"湘A9YU86.jpg254757":{"filename":"湘A9YU86.jpg","size":254757,"regions":[{"shape_attributes":{"name":"polygon","all_points_x":[88,312,305,89],"all_points_y":[841,844,913,917]},"region_attributes":{}},{"shape_attributes":{"name":"polygon","all_points_x":[1255,1365,1361,1249],"all_points_y":[515,505,559,549]},"region_attributes":{}}],"file_attributes":{}},"湘A31Y83.jpg245940":{"filename":"湘A31Y83.jpg","size":245940,"regions":[{"shape_attributes":{"name":"polygon","all_points_x":[33,229,232,28],"all_points_y":[811,809,865,877]},"region_attributes":{}},{"shape_attributes":{"name":"polygon","all_points_x":[840,976,971,843],"all_points_y":[649,648,684,691]},"region_attributes":{}},{"shape_attributes":{"name":"polygon","all_points_x":[1299,1324,1317,1296],"all_points_y":[537,533,568,567]},"region_attributes":{}}],"file_attributes":{}},"湘A53U19.jpg229922":{"filename":"湘A53U19.jpg","size":229922,"regions":[{"shape_attributes":{"name":"polygon","all_points_x":[40,216,219,36],"all_points_y":[780,772,832,844]},"region_attributes":{}}],"file_attributes":{}},"湘A2991D.jpg582098":{"filename":"湘A2991D.jpg","size":582098,"regions":[{"shape_attributes":{"name":"polygon","all_points_x":[501,607,600,505],"all_points_y":[589,585,624,621]},"region_attributes":{}},{"shape_attributes":{"name":"polygon","all_points_x":[1089,1204,1199,1089],"all_points_y":[575,563,605,605]},"region_attributes":{}},{"shape_attributes":{"name":"polygon","all_points_x":[1468,1559,1555,1477],"all_points_y":[484,475,505,505]},"region_attributes":{}}],"file_attributes":{}},"湘A3685C.jpg289491":{"filename":"湘A3685C.jpg","size":289491,"regions":[{"shape_attributes":{"name":"polygon","all_points_x":[7,131,132,4],"all_points_y":[672,663,717,716]},"region_attributes":{}},{"shape_attributes":{"name":"polygon","all_points_x":[696,789,793,699],"all_points_y":[512,511,533,537]},"region_attributes":{}},{"shape_attributes":{"name":"polygon","all_points_x":[1075,1180,1180,1069,1069],"all_points_y":[583,579,628,621,620]},"region_attributes":{}}],"file_attributes":{}},"湘A97971.jpg243307":{"filename":"湘A97971.jpg","size":243307,"regions":[{"shape_attributes":{"name":"polygon","all_points_x":[29,165,172,33],"all_points_y":[659,660,713,705]},"region_attributes":{}},{"shape_attributes":{"name":"polygon","all_points_x":[1321,1417,1423,1307],"all_points_y":[529,523,560,564]},"region_attributes":{}}],"file_attributes":{}},"湘AA8516.jpg268448":{"filename":"湘AA8516.jpg","size":268448,"regions":[{"shape_attributes":{"name":"polygon","all_points_x":[141,275,275,143],"all_points_y":[671,665,708,713]},"region_attributes":{}}],"file_attributes":{}},"湘AED855.jpg240782":{"filename":"湘AED855.jpg","size":240782,"regions":[{"shape_attributes":{"name":"polygon","all_points_x":[49,257,252,39],"all_points_y":[817,816,885,876]},"region_attributes":{}},{"shape_attributes":{"name":"polygon","all_points_x":[1136,1188,1191,1133],"all_points_y":[480,480,504,507]},"region_attributes":{}},{"shape_attributes":{"name":"polygon","all_points_x":[1399,1503,1501,1403],"all_points_y":[531,523,549,549]},"region_attributes":{}}],"file_attributes":{}},"湘AL8387.jpg258934":{"filename":"湘AL8387.jpg","size":258934,"regions":[{"shape_attributes":{"name":"polygon","all_points_x":[95,299,296,97],"all_points_y":[796,797,852,856]},"region_attributes":{}}],"file_attributes":{}},"湘AT1Y68.jpg210349":{"filename":"湘AT1Y68.jpg","size":210349,"regions":[{"shape_attributes":{"name":"polygon","all_points_x":[111,299,296,112],"all_points_y":[787,788,849,845]},"region_attributes":{}}],"file_attributes":{}},"湘AT3597.jpg273215":{"filename":"湘AT3597.jpg","size":273215,"regions":[{"shape_attributes":{"name":"polygon","all_points_x":[136,273,268,152],"all_points_y":[673,663,699,707]},"region_attributes":{}}],"file_attributes":{}},"湘AT8781.jpg221234":{"filename":"湘AT8781.jpg","size":221234,"regions":[{"shape_attributes":{"name":"polygon","all_points_x":[172,375,375,169,169],"all_points_y":[819,819,876,880,879]},"region_attributes":{}}],"file_attributes":{}},"湘ATL269.jpg246030":{"filename":"湘ATL269.jpg","size":246030,"regions":[{"shape_attributes":{"name":"polygon","all_points_x":[60,277,265,56],"all_points_y":[855,847,920,913]},"region_attributes":{}},{"shape_attributes":{"name":"polygon","all_points_x":[845,957,953,844],"all_points_y":[625,627,681,676]},"region_attributes":{}}],"file_attributes":{}},"湘AYN355.jpg235198":{"filename":"湘AYN355.jpg","size":235198,"regions":[{"shape_attributes":{"name":"polygon","all_points_x":[64,273,273,68],"all_points_y":[831,825,901,896]},"region_attributes":{}},{"shape_attributes":{"name":"polygon","all_points_x":[1239,1337,1336,1240],"all_points_y":[573,568,600,601]},"region_attributes":{}}],"file_attributes":{}},"湘F8ZS83.JPG423066":{"filename":"湘F8ZS83.JPG","size":423066,"regions":[{"shape_attributes":{"name":"polygon","all_points_x":[113,261,256,113],"all_points_y":[743,755,821,800]},"region_attributes":{}},{"shape_attributes":{"name":"polygon","all_points_x":[1184,1480,1476,1403,1407,1179,1185],"all_points_y":[804,808,889,892,869,881,805]},"region_attributes":{}}],"file_attributes":{}},"湘G60009.jpg25259":{"filename":"湘G60009.jpg","size":25259,"regions":[{"shape_attributes":{"name":"polygon","all_points_x":[140,251,250,137],"all_points_y":[158,157,194,192]},"region_attributes":{}}],"file_attributes":{}},"湘GR0L16.jpg268615":{"filename":"湘GR0L16.jpg","size":268615,"regions":[{"shape_attributes":{"name":"polygon","all_points_x":[69,191,200,67],"all_points_y":[657,659,698,701]},"region_attributes":{}}],"file_attributes":{}},"渝B777C9.jpg77473":{"filename":"渝B777C9.jpg","size":77473,"regions":[{"shape_attributes":{"name":"polygon","all_points_x":[529,608,607,524],"all_points_y":[187,223,291,243]},"region_attributes":{}}],"file_attributes":{}},"渝B3587学.jpg67581":{"filename":"渝B3587学.jpg","size":67581,"regions":[{"shape_attributes":{"name":"polygon","all_points_x":[653,924,915,649],"all_points_y":[107,94,158,173]},"region_attributes":{}}],"file_attributes":{}},"渝BE7773.jpg86093":{"filename":"渝BE7773.jpg","size":86093,"regions":[{"shape_attributes":{"name":"polygon","all_points_x":[746,943,930,732],"all_points_y":[301,354,423,371]},"region_attributes":{}}],"file_attributes":{}},"豫K91239.jpg485440":{"filename":"豫K91239.jpg","size":485440,"regions":[{"shape_attributes":{"name":"polygon","all_points_x":[1083,1221,1221,1068,1068],"all_points_y":[573,570,620,618,617]},"region_attributes":{}}],"file_attributes":{}},"豫S33909.jpg358016":{"filename":"豫S33909.jpg","size":358016,"regions":[{"shape_attributes":{"name":"polygon","all_points_x":[1266,1394,1397,1257],"all_points_y":[610,605,650,642]},"region_attributes":{}}],"file_attributes":{}},"粤A2HQ34.JPG330891":{"filename":"粤A2HQ34.JPG","size":330891,"regions":[{"shape_attributes":{"name":"polygon","all_points_x":[304,406,409,312],"all_points_y":[779,792,843,827]},"region_attributes":{}},{"shape_attributes":{"name":"polygon","all_points_x":[1327,1560,1559,1332],"all_points_y":[770,765,838,843]},"region_attributes":{}}],"file_attributes":{}},"粤A2TS00.JPG319347":{"filename":"粤A2TS00.JPG","size":319347,"regions":[{"shape_attributes":{"name":"polygon","all_points_x":[287,293,421,414,287],"all_points_y":[682,634,634,691,682]},"region_attributes":{}},{"shape_attributes":{"name":"polygon","all_points_x":[1083,1297,1293,1082],"all_points_y":[700,699,768,773]},"region_attributes":{}}],"file_attributes":{}},"粤A5DP12.JPG326092":{"filename":"粤A5DP12.JPG","size":326092,"regions":[{"shape_attributes":{"name":"polygon","all_points_x":[1035,1204,1215,1038],"all_points_y":[723,715,770,782]},"region_attributes":{}},{"shape_attributes":{"name":"polygon","all_points_x":[440,491,487,441],"all_points_y":[590,584,601,604]},"region_attributes":{}}],"file_attributes":{}},"粤A5J512.jpg86705":{"filename":"粤A5J512.jpg","size":86705,"regions":[{"shape_attributes":{"name":"polygon","all_points_x":[344,552,546,344],"all_points_y":[222,226,297,287]},"region_attributes":{}}],"file_attributes":{}},"粤A5PJ05.JPG370010":{"filename":"粤A5PJ05.JPG","size":370010,"regions":[{"shape_attributes":{"name":"polygon","all_points_x":[1065,1277,1277,1064],"all_points_y":[768,757,819,833]},"region_attributes":{}}],"file_attributes":{}},"粤A5Q951.jpg82296":{"filename":"粤A5Q951.jpg","size":82296,"regions":[{"shape_attributes":{"name":"polygon","all_points_x":[318,517,516,315],"all_points_y":[295,292,351,354]},"region_attributes":{}}],"file_attributes":{}},"粤A961F3.jpg306857":{"filename":"粤A961F3.jpg","size":306857,"regions":[{"shape_attributes":{"name":"polygon","all_points_x":[1114,1239,1241,1113],"all_points_y":[665,665,707,705]},"region_attributes":{}}],"file_attributes":{}},"粤A82349.jpg292916":{"filename":"粤A82349.jpg","size":292916,"regions":[{"shape_attributes":{"name":"polygon","all_points_x":[1002,1121,1122,994],"all_points_y":[544,540,589,590]},"region_attributes":{}}],"file_attributes":{}},"粤A84266.JPG86344":{"filename":"粤A84266.JPG","size":86344,"regions":[{"shape_attributes":{"name":"polygon","all_points_x":[419,612,610,410],"all_points_y":[270,282,345,339]},"region_attributes":{}}],"file_attributes":{}},"粤A89311.JPG63231":{"filename":"粤A89311.JPG","size":63231,"regions":[{"shape_attributes":{"name":"polygon","all_points_x":[138,370,364,130],"all_points_y":[288,301,375,361]},"region_attributes":{}}],"file_attributes":{}},"粤A94372.JPG83207":{"filename":"粤A94372.JPG","size":83207,"regions":[{"shape_attributes":{"name":"polygon","all_points_x":[264,466,465,262],"all_points_y":[201,196,263,269]},"region_attributes":{}}],"file_attributes":{}},"粤AA0825.JPG76214":{"filename":"粤AA0825.JPG","size":76214,"regions":[{"shape_attributes":{"name":"polygon","all_points_x":[236,445,437,229],"all_points_y":[127,134,210,206]},"region_attributes":{}}],"file_attributes":{}},"粤AAA379.jpg69337":{"filename":"粤AAA379.jpg","size":69337,"regions":[{"shape_attributes":{"name":"polygon","all_points_x":[257,459,458,253],"all_points_y":[286,302,362,355]},"region_attributes":{}}],"file_attributes":{}},"粤AAB457.JPG58865":{"filename":"粤AAB457.JPG","size":58865,"regions":[{"shape_attributes":{"name":"polygon","all_points_x":[216,388,383,218],"all_points_y":[247,248,299,291]},"region_attributes":{}}],"file_attributes":{}},"粤AAC044.jpg61446":{"filename":"粤AAC044.jpg","size":61446,"regions":[{"shape_attributes":{"name":"polygon","all_points_x":[244,450,442,241],"all_points_y":[254,256,324,315]},"region_attributes":{}}],"file_attributes":{}},"粤AAD348.jpg77572":{"filename":"粤AAD348.jpg","size":77572,"regions":[{"shape_attributes":{"name":"polygon","all_points_x":[272,465,470,269],"all_points_y":[267,271,332,332]},"region_attributes":{}}],"file_attributes":{}},"粤AAF230.JPG96103":{"filename":"粤AAF230.JPG","size":96103,"regions":[{"shape_attributes":{"name":"polygon","all_points_x":[187,401,397,187],"all_points_y":[232,241,317,298]},"region_attributes":{}}],"file_attributes":{}},"粤AB288Y.JPG355341":{"filename":"粤AB288Y.JPG","size":355341,"regions":[{"shape_attributes":{"name":"polygon","all_points_x":[309,481,475,308],"all_points_y":[744,756,820,802]},"region_attributes":{}},{"shape_attributes":{"name":"polygon","all_points_x":[1313,1559,1557,1310],"all_points_y":[728,732,814,815]},"region_attributes":{}}],"file_attributes":{}},"粤AB2893.JPG295163":{"filename":"粤AB2893.JPG","size":295163,"regions":[{"shape_attributes":{"name":"polygon","all_points_x":[1140,1316,1317,1158,1158],"all_points_y":[765,736,824,847,846]},"region_attributes":{}}],"file_attributes":{}},"粤AF9C00.JPG333095":{"filename":"粤AF9C00.JPG","size":333095,"regions":[{"shape_attributes":{"name":"polygon","all_points_x":[1273,1492,1490,1267],"all_points_y":[685,690,768,758]},"region_attributes":{}}],"file_attributes":{}},"粤AK9331.jpg209680":{"filename":"粤AK9331.jpg","size":209680,"regions":[{"shape_attributes":{"name":"polygon","all_points_x":[864,1155,1161,879,879],"all_points_y":[787,758,900,928,927]},"region_attributes":{}}],"file_attributes":{}},"粤AL6212.jpg90840":{"filename":"粤AL6212.jpg","size":90840,"regions":[{"shape_attributes":{"name":"polygon","all_points_x":[388,586,598,388,388],"all_points_y":[239,212,295,305,304]},"region_attributes":{}}],"file_attributes":{}},"粤AV0U41.jpg280619":{"filename":"粤AV0U41.jpg","size":280619,"regions":[{"shape_attributes":{"name":"polygon","all_points_x":[1085,1318,1318,1084],"all_points_y":[651,653,744,735]},"region_attributes":{}}],"file_attributes":{}},"粤B0K999.jpg30535":{"filename":"粤B0K999.jpg","size":30535,"regions":[{"shape_attributes":{"name":"polygon","all_points_x":[116,194,195,117],"all_points_y":[149,148,171,173]},"region_attributes":{}}],"file_attributes":{}},"粤B5PQ23.JPG368558":{"filename":"粤B5PQ23.JPG","size":368558,"regions":[{"shape_attributes":{"name":"polygon","all_points_x":[1029,1265,1261,1026],"all_points_y":[679,679,756,753]},"region_attributes":{}}],"file_attributes":{}},"粤B5W601.JPG328395":{"filename":"粤B5W601.JPG","size":328395,"regions":[{"shape_attributes":{"name":"polygon","all_points_x":[1325,1578,1571,1332],"all_points_y":[725,726,797,794]},"region_attributes":{}}],"file_attributes":{}},"粤BA103N.jpg42660":{"filename":"粤BA103N.jpg","size":42660,"regions":[{"shape_attributes":{"name":"polygon","all_points_x":[269,359,360,270],"all_points_y":[150,160,206,192]},"region_attributes":{}}],"file_attributes":{}}},"_via_attributes":{"region":{},"file":{}}}